Workbook

Sheet כתב כמויות
A1: כתב כמויות ותקציב
A2: מגדלי ים התיכון – דיור מוגן · 8 קומות + קרקע · 32 דירות
A3: לקוח: ACE BG · Advantecnia תאריך: 23/10/2026
B5: מטבע | C5: ₪ ILS | E5: תאים צהובים = למילוי (מחירי יחידה). טקסט כחול = נתוני קלט; שחור = נוסחאות; ירוק = קישור לגיליון אחר.
B6: בלתי צפוי | C6: 0.05
B7: מע"מ (ישראל) | C7: 0.18
A9: # | B9: קוד | C9: תיאור | D9: יחידה | E9: כמות | F9: מחיר ליחידה | G9: סה"כ | H9: הערה
A10: בדירות (4 לקומה)
A11: 1 | B11: TAB | C11: טאבלט בדלת (iPad / Android) – קריאה ודיבור | D11: יח' | E11: ='כמויות לפי קומה'!F7 -> 32 | G11: =E11*F11 -> 0 | H11: 1 לכל דירה
A12: 2 | B12: ACE82182451 | C12: פנל קריאה קולי עם לחצנים | D12: יח' | E12: ='כמויות לפי קומה'!F8 -> 80 | G12: =E12*F12 -> 0 | H12: סלון + כל חדר שינה
A13: 3 | B13: ACE40320303W | C13: משיכת חבל (אסלה ומקלחת) | D13: יח' | E13: ='כמויות לפי קומה'!F9 -> 128 | G13: =E13*F13 -> 0 | H13: 4 לכל דירה
A14: 4 | B14: ACE71610003 | C14: LCom – מרכז רדיאלי של הדירה (תקרה) | D14: יח' | E14: ='כמויות לפי קומה'!F10 -> 32 | G14: =E14*F14 -> 0 | H14: 1 לכל דירה
A15: שירותים ציבוריים
A16: 5 | B16: ACE40320303W | C16: משיכת חבל | D16: יח' | E16: ='כמויות לפי קומה'!F12 -> 10 | G16: =E16*F16 -> 0 | H16: 1 לקומה + 2 בקרקע
A17: 6 | B17: ACE41020309 | C17: מנורת מסדרון מעל הדלת | D17: יח' | E17: ='כמויות לפי קומה'!F13 -> 10 | G17: =E17*F17 -> 0 | H17: מעל כל דלת
A18: 7 | B18: ACE71610003 | C18: LCom – מרכז (תקרה) | D18: יח' | E18: ='כמויות לפי קומה'!F14 -> 9 | G18: =E18*F18 -> 0 | H18: 1 לקומה + 1 בקרקע
A19: ארונות ומרכזייה
A20: 8 | B20: ACE70810000 | C20: BoxCom – מרכז באס (תקרה) | D20: יח' | E20: ='כמויות לפי קומה'!F16 -> 17 | G20: =E20*F20 -> 0 | H20: 2 לקומה + 1 בקרקע
A21: 9 | B21: DES-1210-28P | C21: מתג PoE D-Link DES-1210-28P 24 פורטים | D21: יח' | E21: ='כמויות לפי קומה'!F17 -> 9 | G21: =E21*F21 -> 0 | H21: 1 לקומה + קרקע
A22: 10 | B22: GAB | C22: ארון קיר 12U עם פאץ' פנל | D22: יח' | E22: ='כמויות לפי קומה'!F18 -> 8 | G22: =E22*F22 -> 0 | H22: 1 לקומה
A23: 11 | B23: GAB-PB | C23: ארון ראשי עם UPS | D23: יח' | E23: ='כמויות לפי קומה'!F19 -> 1 | G23: =E23*F23 -> 0 | H23: קומת קרקע
A24: 12 | B24: Buslogic Premium | C24: שרת Buslogic Premium (Advantcare) עם תוכנה | D24: יח' | E24: ='כמויות לפי קומה'!F20 -> 1 | G24: =E24*F24 -> 0 | H24: קומת קרקע
A25: 13 | B25: Grandstream | C25: טלפון Grandstream Android PoE (צבע לפי סוג קריאה) | D25: יח' | E25: ='כמויות לפי קומה'!F21 -> 1 | G25: =E25*F25 -> 0 | H25: עמדת אחות
A26: כבלים (+ רזרבה, ראה גיליון כבלים)
A27: 14 | B27: APT | C27: Cat6 רדיאלי בתוך הדירות (ירוק) | D27: מ' | E27: =כבלים!G8 -> 1700 | G27: =E27*F27 -> 0 | H27: אורך מהמודל + רזרבה
A28: 15 | B28: CHAIN | C28: Cat6 / Cat7 שרשרת LCom ← BoxCom (כתום) | D28: מ' | E28: =כבלים!G9 -> 750 | G28: =E28*F28 -> 0 | H28: אורך מהמודל + רזרבה
A29: 16 | B29: NET | C29: Cat6A / Cat7 ארונות ועמוד (אדום) | D29: מ' | E29: =כבלים!G10 -> 130 | G29: =E29*F29 -> 0 | H29: אורך מהמודל + רזרבה
F31: סכום ביניים | G31: =SUM(G10:G29) -> 0
F32: בלתי צפוי | G32: =G31*$C$6 -> 0
F33: סכום ביניים כולל בלתי צפוי | G33: =G31+G32 -> 0
F34: מע"מ (ישראל) | G34: =G33*$C$7 -> 0
F35: סה"כ כולל מע"מ | G35: =G33+G34 -> 0

Sheet כמויות לפי קומה
A1: כמויות לפי קומה
A3: קומות טיפוסיות | B3: 8 | C3: ← לשנות אם מספר הקומות משתנה
A5: קוד | B5: תיאור | C5: לקומה טיפוסית | D5: קומות | E5: קומת קרקע | F5: סה"כ
A6: בדירות (4 לקומה)
A7: TAB | B7: טאבלט בדלת (iPad / Android) – קריאה ודיבור | C7: 4 | D7: =$B$3 -> 8 | E7: 0 | F7: =C7*D7+E7 -> 32
A8: VOZ | B8: פנל קריאה קולי עם לחצנים – ACE82182451 | C8: 10 | D8: =$B$3 -> 8 | E8: 0 | F8: =C8*D8+E8 -> 80
A9: TI/TD | B9: משיכת חבל (אסלה ומקלחת) – ACE40320303W | C9: 16 | D9: =$B$3 -> 8 | E9: 0 | F9: =C9*D9+E9 -> 128
A10: LC | B10: LCom – מרכז רדיאלי של הדירה (תקרה) – ACE71610003 | C10: 4 | D10: =$B$3 -> 8 | E10: 0 | F10: =C10*D10+E10 -> 32
A11: שירותים ציבוריים
A12: T | B12: משיכת חבל – ACE40320303W | C12: 1 | D12: =$B$3 -> 8 | E12: 2 | F12: =C12*D12+E12 -> 10
A13: LP | B13: מנורת מסדרון מעל הדלת – ACE41020309 | C13: 1 | D13: =$B$3 -> 8 | E13: 2 | F13: =C13*D13+E13 -> 10
A14: LC | B14: LCom – מרכז (תקרה) – ACE71610003 | C14: 1 | D14: =$B$3 -> 8 | E14: 1 | F14: =C14*D14+E14 -> 9
A15: ארונות ומרכזייה
A16: BC | B16: BoxCom – מרכז באס (תקרה) – ACE70810000 | C16: 2 | D16: =$B$3 -> 8 | E16: 1 | F16: =C16*D16+E16 -> 17
A17: SW | B17: מתג PoE D-Link DES-1210-28P 24 פורטים – DES-1210-28P | C17: 1 | D17: =$B$3 -> 8 | E17: 1 | F17: =C17*D17+E17 -> 9
A18: GAB | B18: ארון קיר 12U עם פאץ' פנל | C18: 1 | D18: =$B$3 -> 8 | E18: 0 | F18: =C18*D18+E18 -> 8
A19: GAB-PB | B19: ארון ראשי עם UPS | C19: 0 | D19: =$B$3 -> 8 | E19: 1 | F19: =C19*D19+E19 -> 1
A20: SRV | B20: שרת Buslogic Premium (Advantcare) עם תוכנה – Buslogic Premium | C20: 0 | D20: =$B$3 -> 8 | E20: 1 | F20: =C20*D20+E20 -> 1
A21: TEL | B21: טלפון Grandstream Android PoE (צבע לפי סוג קריאה) – Grandstream | C21: 0 | D21: =$B$3 -> 8 | E21: 1 | F21: =C21*D21+E21 -> 1

Sheet כבלים
A1: כבלים
A3: רזרבה | B3: 0.15
A4: עיגול כלפי מעלה ל- | B4: 10
A5: קומות טיפוסיות | B5: ='כמויות לפי קומה'!$B$3 -> 8
A7: קוד | B7: תיאור | C7: מחושב לקומה (מ') | D7: מחושב קרקע (מ') | E7: תוספת קבועה (מ') | F7: רזרבה | G7: כמות לרכישה (מ')
A8: APT | B8: Cat6 רדיאלי בתוך הדירות (ירוק) | C8: 183.1 | D8: 13.2 | E8: 0 | F8: =$B$3 -> 0.15 | G8: =ROUNDUP((C8*$B$5+D8+E8)*(1+F8)/$B$4,0)*$B$4 -> 1700
A9: CHAIN | B9: Cat6 / Cat7 שרשרת LCom ← BoxCom (כתום) | C9: 79.9 | D9: 11.5 | E9: 0 | F9: =$B$3 -> 0.15 | G9: =ROUNDUP((C9*$B$5+D9+E9)*(1+F9)/$B$4,0)*$B$4 -> 750
A10: NET | B10: Cat6A / Cat7 ארונות ועמוד (אדום) | C10: 7.4 | D10: 23.6 | E10: 28.8 | F10: =$B$3 -> 0.15 | G10: =ROUNDUP((C10*$B$5+D10+E10)*(1+F10)/$B$4,0)*$B$4 -> 130

Sheet הערות
A1: הערות
A3: 1. הכמויות חושבו מהמודל התלת-ממדי/הדו-ממדי של הפרויקט (קומה טיפוסית × קומות + קרקע).
A4: 2. אורכי הכבלים נמדדו לאורך התוואי המשורטט; רזרבה ועיגול נקבעים בגיליון הכבלים.
A5: 3. מחירי יחידה: למלא לפי מחירון Advantecnia / ספקים בתוקף (תאים צהובים).
A6: 4. בלתי צפוי 5% ומע"מ 18% הם הנחות הניתנות לעריכה (גיליון כתב כמויות, תאים C6 ו-C7).
A7: 5. כמויות בשלב תכנון מוקדם: לאמת באתר לפני רכישה.
